{
    "$schema": "https://developer.joomla.org/schemas/json-schema/web_assets.json",
    "name": "com_admission",
    "version": "1.0.0",
    "assets": [
        {
            "name": "com_admission.admin",
            "type": "style",
            "uri": "com_admission/admission.css",
            "weight": 100
        },
        {
            "name": "com_admission.admin-js",
            "type": "script", 
            "uri": "com_admission/admin.js",
            "weight": 100,
            "attributes": ["defer"]
        }
    ]
}